"","varname","distrib","num","denom","alpha","beta","pointest","low","high"
"1","example_1","beta",9,33,9,24,0.273,0.137456903295502,0.434049374922243
"2","example_3","beta",14,47,14,33,0.2978723,0.177426815295945,0.434604077784251
